,link
https://smallpdf.com/cn,234
http://www.199it.com/,234
https://www.yxgapp.com/,234
https://www.bookmarkearth.com/,234
https://www.quzhuanpan.com/,234
http://www.cnnic.net.cn/,234
https://www.tutieshi.com/,234
http://magnet.chongbuluo.com/,234
https://www.zhihu.com/,234
https://www.lanzous.com/b244238,233
https://www.41478.net/,117
http://www.sina.com.cn/,117
https://www.sosogif.com/,117
https://bigjpg.com/,117
https://color.adobe.com/zh/create/color-wheel/,117
http://guozhivip.com/nav/,117
https://detail.1688.com/offer/568672738280.html?spm=b26110380.sw1688.mof001.57.2fb62169BYmSam,117
https://xiumi.us/#/,117
http://www.sohu.com/a/245287984_177272,117
https://zhuanlan.zhihu.com/p/27927592,117
http://www.taobao.com/,117
https://jikipedia.com/,117
http://www.ziliao6.com/tv/,117
http://bddn.cn/zb.htm,117
http://www.asplunds.org/,117
https://www.processon.com/,117
https://tophub.today/,117
https://baike.baidu.com/item/%E7%B1%B3%E6%B0%8F%EF%BC%88%E5%85%89%E6%95%A3%E5%B0%84%EF%BC%89%E7%90%86%E8%AE%BA/19170401,117
http://www.cnko.com.cn/,117
http://www.gjw123.com/,117
http://fulivip.com/lin/519CF40314DBDFD4,117
https://www.bilibili.com/video/av26039975,117
https://www.jianshu.com/,117
https://www.52pojie.cn/thread-847225-1-1.html,117
https://www.52pojie.cn/thread-841846-1-1.html,117
http://saic.chinaopenschool.com/customize/nwc_user_enterprise/login/login.html,117
http://www.360doc.com/userhome/6140600#,117
http://jobs.billwang.net/,117
https://www.zhihu.com/question/20140637/answer/197796657,117
https://www.52wubi.com/wbbmcx/,117
https://tools.miku.ac/,117
http://www.2btjia.com/,117
http://www.wanfangdata.com.cn/searchResult/getAdvancedSearch.do?searchType=all#a_001,117
http://navi.cnki.net/KNavi/JournalDetail?pcode=CJFD&pykm=JJBG,117
http://huaban.com/,117
http://61.175.198.136:8083/rwt/CNKIBK/http/N3RYM4JPMNYGX4JPN3TYE/knavi/JournalDetail?pcode=CJFD&pykm=GLSJ&Year=&Issue=&Entry=&uid=WEEvREcwSlJHSldRa1FhdXNzY2Z2cUVISkY4dGt6Rjdwd0hGQWJ6ZFZTdz0=$9A4hF_YAuvQ5obgVAqNKPCYcEjKensW4IQMovwHtwkF4VYPoHbKxJw!!,117
http://lackk.com/nav/,117
http://dlidli.wang/cxplay/266974.html,117
http://www.ykpaoschool.cn/Ralph-Allwood-Choral-Course-cn,117
http://www.aigei.com/sound/,117
http://tv.cntv.cn/video/C10359/009d85ea7b2241edae9717c9a7cbb64c,117
http://www.clarkbardsleydesign.com/,117
https://www.jiemodui.com/N/65113.html,117
http://www.parkermotion.com/,117
https://www.wocali.com/,117
https://tool.lu/,117
https://ef.zhiweidata.com/,117
https://www.xiaozhaolaila.com/,117
https://baike.baidu.com/item/%E5%BA%93%E4%BB%91%E9%98%BB%E5%A1%9E%E6%95%88%E5%BA%94/8679139?fr=aladdin,117
https://www.chiphell.com/,117
https://wenku.baidu.com/view/4a626fba0b4c2e3f5627630f.html,117
http://listen1.github.io/listen1/,117
https://wenku.baidu.com/view/c8d3b980e009581b6bd9ebfa.html,117
https://wenku.baidu.com/view/ad446c215901020207409c8f.html,117
https://2.taobao.com/,117
https://www.52pojie.cn/thread-770475-1-1.html,117
https://zhs.moo0.com/,117
http://www.wanfangdata.com.cn/details/detail.do?_type=degree&id=Y3386319,117
https://www.52pojie.cn/thread-839625-1-1.html,117
http://www.akribis-sys.com/,117
https://ipaperclip.net/,117
https://baike.so.com/doc/5998210-6211183.html,117
http://www.360doc.com/userhome/421844,117
http://tv.cntv.cn/video/VSET100158913658/2714b6942e394b48b2eab43a8257ef53,117
https://baike.baidu.com/item/%E5%8D%81%E4%BA%8C%E7%83%B7%E5%9F%BA%E7%A1%AB%E9%85%B8%E9%92%A0/7613279?fr=aladdin,117
http://www.zxcs.me/,117
http://www.mjf2020.com/,117
http://msdn.itellyou.cn/,117
https://zhutix.com/tag/win10-zhuti/,117
https://www.btxqw.com/,117
https://www.foldnfly.com/#/1-1-1-1-1-1-1-1-2,117
http://bbs.musicool.cn/,117
https://www.xunleitiantang.com/tv/19763.html,117
https://laod.cn/,117
https://accounts.nintendo.com/,117
https://www.baidu.com/s?ie=UTF-8&wd=%E7%AD%89%E7%A6%BB%E5%AD%90%E4%BD%93,117
https://watch.biyov.com/,117
http://www.toru.barcelona/,117
https://hao.uisdc.com/,117
http://www.wowdsgn.com/,117
https://baike.baidu.com/item/%E4%BC%AF%E5%8A%AA%E5%88%A9%E5%8E%9F%E7%90%86/9852095?fr=aladdin#1_3,117
http://www.giffox.com/,117
https://v0v.bid/,117
http://www.xinli001.com/,117
https://www.nk.se/stockholm/,117
https://www.anyknew.com/#/,117
http://www.jd.com/,117
http://www.atoolbox.net/,117
http://focus.tianya.cn/,117
https://www.baiduwp.com/,117
https://www.52pojie.cn/thread-842192-1-1.html,117
https://www.yuketang.cn/v2/web/studentLog/1548807,117
https://win.o--o.win/,117
https://www.mockupworld.co/,117
http://magickeyboard.io/,117
https://www.bilibili.com/video/BV1mx411C7YG?from=search&seid=1051386043801759434,117
https://mijisou.com/,117
https://mail.163.com/js6/main.jsp?sid=TAkAXdRTOUUbRRLdoHTTWjsOAKJkcnmX&df=mail163_letter#module=welcome.WelcomeModule%7C%7B%7D,117
http://xiazai.zol.com.cn/,117
https://www.smzdm.com/,117
http://www.360doc.com/index.html,117
http://v.163.com/movie/2013/4/O/D/M93FG764L_M93FH90OD.html,117
https://coub.com/,117
https://store.steampowered.com/,117
https://site.sciping.com/,117
https://xinquji.com/,117
http://www.suning.com/,117
http://navi.cnki.net/knavi/JournalDetail?pcode=CJFD&pykm=ZSHK,117
http://www.yhdfa.com/,117
https://www.lanzous.com/u/%E9%9B%84%E5%93%A5%E7%BD%91%E7%BB%9C%E4%BC%A0%E5%AA%92.,117
https://mixkit.co/free-stock-art/,117
https://www.zhihu.com/people/cheng-li-jian-67/activities,117
http://www.eshop-switch.com/,117
https://www.ghpym.com/,117
https://www.wenshushu.cn/,117
https://detail.1688.com/offer/567926044294.html?spm=b26110380.sw1688.mof001.9.2fb62169BYmSam,117
http://www.k-system.net/,117
https://www.lammhults.se/en/,117
https://freebiesbug.com/,117
http://www.woshipm.com/,117
https://shop117371246.taobao.com/,117
https://www.dgtle.com/,117
https://a.maorx.cn/,117
https://www.zhihu.com/question/316808010,117
http://www.mp4ba.cc/,117
https://www.douban.com/,117
http://www.zzzfun.com/,117
https://www.pedaily.cn/,117
https://www.pianku.tv/,117
https://www.kadenze.com/,117
http://www.360doc.com/userhome/1433596,117
https://www.renishaw.com.cn/zh/renishaw-enhancing-efficiency-in-manufacturing-and-healthcare--1030,117
https://v3-beta.6pan.cn/files/all/,117
https://www.poputar.com/,117
http://www.iresearch.cn/,117
https://www.allhistory.com/,117
https://www.toolfk.com/,117
https://apkcombo.com/zh-us/,117
http://data.stats.gov.cn/index.htm,117
http://mp.weixin.qq.com/s?__biz=MzA4NTE1MDk5MA==&mid=208534579&idx=1&sn=3460ead096529016d84a55f652302fb3#rd,117
https://www.vip.com/,117
https://msdn.itellyou.cn/,117
https://acpatterns.com/,117
http://yun.baidu.com/,117
https://cloud.huawei.com/home#/home,117
https://whitearkitekter.com/se/,117
http://parismuseescollections.paris.fr/en,117
http://zjisa.zjlib.cn//home/zy_home.jsp?libCode=zjlib&libCode1=null&elecLibId=&elecAZ=&elec_re_type=alphabet_nav&elec_change_background=null#a23,117
https://www.mi.com/,117
https://www.cn-ki.net/,117
http://www.kongfz.com/,117
https://guanwangdaquan.com/,117
http://www.360doc.com/content/13/0807/00/6140600_305254556.shtml,117
http://www.psnine.com/,117
https://segmentfault.com/,117
https://www.52pojie.cn/thread-1073992-1-1.html,117
http://www.heji.ltd/,117
https://chrome.zzzmh.cn/,117
http://www.sohu.com/a/274764791_505899,117
http://www.zolix.com.cn/techcon_358_388_833.html,117
https://www.52pojie.cn/thread-740378-1-1.html,117
https://www.iyunying.org/url,117
http://kyon945.ys168.com/,117
https://www.runoob.com/python/python-tutorial.html,117
http://bbs.a9vg.com/forum.php,117
http://index.1688.com/,117
https://www.52pojie.cn/thread-839941-1-1.html,117
https://bz.zzzmh.cn/,117
http://www.360doc.com/myfollow.aspx,117
http://www.jiayoushichang.com/,117
https://www.lanzous.com/u/rjk,117
http://navi.cnki.net/knavi/JournalDetail?pcode=CJFD&pykm=JJYJ,117
http://www.zol.com.cn/,117
http://mv.688ing.com/,117
http://www.stats.gov.cn/tjsj/zxfb/,117
https://36kr.com/p/5091515.html,117
https://movie.douban.com/,117
http://dlidli.wang/vod/m/hKbqYUYndnPASh.html,117
https://www.chaonengso.com/,117
https://www.lanzous.com/u/jiek,117
https://adzhp.cn/,117
https://essay.1ts.fun/,117
https://www.agefans.tv/,117
http://www.coolhii.com/,117
https://cli.im/,117
http://www.comicat.org/,117
https://v.qq.com/x/page/c038161348x.html,117
http://bbs.cnyxhd.com/forum.php,117
https://undraw.co/illustrations,117
http://www.designboom.com/,117
http://navi.cnki.net/knavi/JournalDetail?pcode=CJFD&pykm=SLJY,117
https://weread.qq.com/,117
https://mirrors.tuna.tsinghua.edu.cn/,117
https://github.com/neoFelhz/neohosts,117
https://shimo.im/docs/0g672YD6lYw08aqf/read,117
http://www.xianyuso.com/,117
https://pdfcandy.com/cn/,117
https://www.lanzous.com/u/zqf000,117
http://bg-patterns.com/,117
http://www.gome.com.cn/ec/homeus/index.html,117
https://shuge.org/,117
https://www.gamersky.com/z/animalcrossingnh/,117
http://www.8080s.net/,117
http://dodopass.21hz.top/trade/index.html,117
http://www.meihua.info/,117
https://mail.163.com/js6/main.jsp?sid=SDFFgCojVWBgooLMTqjjikdBnknXJkOJ&df=unknow#module=welcome.WelcomeModule%7C%7B%7D,117
https://www.zhihu.com/question/23169054/answer/207502260,117
http://www.1tai.com/index.html,117
https://www.lanzous.com/u/memedawq,117
http://pan.lanzou.com/u/qq348740911,117
http://weibodang.cn/,117
http://www.xuexi111.com/,117
https://www.hktvyb.com/,117
https://greasyfork.org/zh-CN/scripts,117
https://www.zhihu.com/question/62647012/answer/200581710,117
https://baike.baidu.com/item/%E4%BA%BA%E4%BD%93%E7%94%9F%E7%89%A9%E8%8A%82%E5%BE%8B,117
http://www.wingardhs.se/,117
https://zhuanlan.zhihu.com/p/27978355,117
https://wenku.baidu.com/view/3717713baa00b52acec7cad0.html,117
http://www.wanfangdata.com.cn/details/detail.do?_type=perio&id=jcyyy200702033,117
https://greasyfork.org/zh-CN/scripts/403991-%E7%99%BE%E5%BA%A6%E7%BD%91%E7%9B%98%E7%9B%B4%E9%93%BE%E6%8F%90%E5%8F%96-%E5%A4%9A%E9%80%89,117
http://koolshare.cn/forum-96-1.html,117
http://bjko66.goepe.com/,117
https://baike.baidu.com/item/%E8%A1%A8%E9%9D%A2%E7%AD%89%E7%A6%BB%E5%AD%90%E5%85%B1%E6%8C%AF/9695329?fr=aladdin,117
https://www.bettshow.com/,117
https://www.sjtiantang.com/,117
https://www.behance.net/,117
https://www.hituyu.com/,117
https://github.com/HearthSim/Hearthstone-Deck-Tracker/releases,117
https://zhuanlan.zhihu.com/p/28259625,117
https://www.iyingdi.com/web/tools/hearthstone/userdecks,117
http://www.paopaoche.net/tv/175190.html,117
https://store.playstation.com/zh-hans-hk/home/games,117
https://xydh.fun/,117
https://v.qq.com/x/page/v0515h7yd4y.html,117
http://www.mvcat.com/,117
http://gb.akribis-sys.com/,117
http://www.smddesign.se/,117
http://weixin.sogou.com/,117
https://gfsoso.99lb.net/cnki.html,117
https://topbook.cc/overview,117
http://www.tool77.com/,117
https://nga.178.com/thread.php?fid=710,117
http://kns.cnki.net//KXReader/Detail?TIMESTAMP=636964718717711250&DBCODE=CJFD&TABLEName=CAPJLAST&FileName=HPFS2019040900G&RESULT=1&SIGN=xwVyASyyRma84LM3L6GcZ2o%2bJoE%3d,117
https://www.bilibili.com/,117
https://www.iittala.com/home,117
http://navi.cnki.net/knavi/JournalDetail?pcode=CJFD&pykm=JRYJ,117
https://www.xiaomiyoupin.com/,117
http://www.chvacuum.com/pumps/jixie/036385.html,117
https://baijiahao.baidu.com/s?id=1664924428514380716&wfr=spider&for=pc,117
https://zhuanlan.zhihu.com/gkauto,117
https://www.lanzous.com/u/%E6%8B%BD%E6%8B%BD,117
https://www.xiaocongjisuan.com/,117
https://www.bookmarkearth.com,117
https://music.163.com/#,117
http://www.pushthink.com/?utf8=%E2%9C%93&industry_id=&region_id=&scope=&days=&search=%E6%A4%85%E5%AD%90,117
https://www.epicgames.com/store/zh-CN/,117
http://navi.cnki.net/knavi/JournalDetail?pcode=CJFD&pykm=GLSJ,117
http://capital.people.com.cn/n1/2018/1101/c405954-30375907.html,117
https://www.leiphone.com/,117
http://www.waysto.work/,117
https://www.svenskttenn.se/en/,117
http://www.wanfangdata.com.cn/details/detail.do?_type=perio&id=kqdlxxb201702015,117
http://www.shejipi.com/,117
http://data.cnki.net/,117
https://lookao.com/,117
https://zhuanlan.zhihu.com/p/27694565,117
http://hao.199it.com/mobile/index.html,117
https://outlook.saicmotor.com/owa/#path=/mail,117
http://www.maigoo.com/,117
https://www.youtube.com/,117
http://navi.cnki.net/knavi/JournalDetail?pcode=CJFD&pykm=TJYJ,117
https://www.svenssons.se/,117
http://www.chawo.com/,117
http://www.babytree.com/,117
http://www.yiheda.com/,117
https://j.autohome.com.cn/pc/PCuniversalList?brandId=63&pageIndex=1#pvareaid=2020354,117
https://ddrk.me/,117
http://flat-icon-design.com/,117
https://www.lanzous.com/b196932,117
http://www.mfcad.com/tuzhi/,117
https://www.lego.com/zh-cn,117
http://3g.ali213.net/dongsen/list.html?name=Villagers,117
https://www.52pojie.cn/thread-835538-1-1.html,117
https://www.btdx8.com/,117
http://jwgl.lnu.edu.cn/zhxt_bks/zhxt_bks.html,117
https://baike.baidu.com/item/%E8%BF%88%E6%96%AF%E7%BA%B3%E6%95%88%E5%BA%94/1071368?fr=aladdin,117
https://www.lanzous.com/u/wuzuowei,116
